shapeid,ID_0,ISO,NAME_0,ID_1,NAME_1,TYPE_1,ENGTYPE_1,NL_NAME_1,VARNAME_1
"0","250",VNM,Vietnam,"1",Đà Nẵng,Thành phố trực thuộc tỉnh,City|Municipality|Thanh Pho,,Da Nang City|Da Nang
"1","250",VNM,Vietnam,"2",Đồng Nai,Tỉnh,Province,,Dong Nai
"2","250",VNM,Vietnam,"3",Đồng Tháp,Tỉnh,Province,,Dong Thap
"3","250",VNM,Vietnam,"4",Đăk Nông,Tỉnh,Province,,Dac Nong
"4","250",VNM,Vietnam,"5",Đắk Lắk,Tỉnh,Province,,Dak Lak|Dac Lac
"5","250",VNM,Vietnam,"6",Điện Biên,Tỉnh,Province,,Dien Bien
"6","250",VNM,Vietnam,"7",An Giang,Tỉnh,Province,,An Giang
"7","250",VNM,Vietnam,"8",Bà Rịa - Vũng Tàu,Tỉnh,Province,,Ba Ria - VTau|Ba Ria-Vung Tau
"8","250",VNM,Vietnam,"9",Bình Định,Tỉnh,Province,,Binh Dinh
"9","250",VNM,Vietnam,"10",Bình Dương,Tỉnh,Province,,Binh Duong
"10","250",VNM,Vietnam,"11",Bình Phước,Tỉnh,Province,,Binh Phuoc
"11","250",VNM,Vietnam,"12",Bình Thuận,Tỉnh,Province,,Binh Thuan
"12","250",VNM,Vietnam,"13",Bạc Liêu,Tỉnh,Province,,Bac Lieu
"13","250",VNM,Vietnam,"14",Bắc Giang,Tỉnh,Province,,Bac Giang
"14","250",VNM,Vietnam,"15",Bắc Kạn,Tỉnh,Province,,Bac Kan|Bac Can
"15","250",VNM,Vietnam,"16",Bắc Ninh,Tỉnh,Province,,Bac Ninh
"16","250",VNM,Vietnam,"17",Bến Tre,Tỉnh,Province,,Ben Tre
"17","250",VNM,Vietnam,"18",Cà Mau,Tỉnh,Province,,Ca Mau
"18","250",VNM,Vietnam,"19",Cao Bằng,Tỉnh,Province,,Cao Bang
"19","250",VNM,Vietnam,"20",Cần Thơ,Thành phố trực thuộc tỉnh,City|Municipality|Thanh Pho,,Can Tho
"20","250",VNM,Vietnam,"21",Gia Lai,Tỉnh,Province,,Gia Lai
"21","250",VNM,Vietnam,"22",Hà Giang,Tỉnh,Province,,Ha Giang
"22","250",VNM,Vietnam,"23",Hà Nội,Thành phố trực thuộc tỉnh,City|Municipality|Thanh Pho,,Ha Noi City|Hanoi
"23","250",VNM,Vietnam,"24",Hà Nam,Tỉnh,Province,,Ha Nam
"24","250",VNM,Vietnam,"25",Hà Tĩnh,Tỉnh,Province,,Ha Tinh
"25","250",VNM,Vietnam,"26",Hồ Chí Minh city,Thành phố trực thuộc tỉnh,City|Municipality|Thanh Pho,,Ho Chi Minh City|Ho Chi Minh
"26","250",VNM,Vietnam,"27",Hòa Bình,Tỉnh,Province,,Hoa Binh
"27","250",VNM,Vietnam,"28",Hưng Yên,Tỉnh,Province,,Hung Yen
"28","250",VNM,Vietnam,"29",Hải Dương,Tỉnh,Province,,Hai Duong
"29","250",VNM,Vietnam,"30",Hải Phòng,Thành phố trực thuộc tỉnh,City|Municipality|Thanh Pho,,Hai Phong City|Haiphong
"30","250",VNM,Vietnam,"31",Hậu Giang,Tỉnh,Province,,Hau Giang
"31","250",VNM,Vietnam,"32",Khánh Hòa,Tỉnh,Province,,Khanh Hoa
"32","250",VNM,Vietnam,"33",Kiên Giang,Tỉnh,Province,,Kien Giang
"33","250",VNM,Vietnam,"34",Kon Tum,Tỉnh,Province,,Kon Tum
"34","250",VNM,Vietnam,"35",Lào Cai,Tỉnh,Province,,Lao Cai
"35","250",VNM,Vietnam,"36",Lâm Đồng,Tỉnh,Province,,Lam Dong
"36","250",VNM,Vietnam,"37",Lai Châu,Tỉnh,Province,,Lai Chau
"37","250",VNM,Vietnam,"38",Lạng Sơn,Tỉnh,Province,,Lang Son
"38","250",VNM,Vietnam,"39",Long An,Tỉnh,Province,,Long An
"39","250",VNM,Vietnam,"40",Nam Định,Tỉnh,Province,,Nam Dinh
"40","250",VNM,Vietnam,"41",Nghệ An,Tỉnh,Province,,Nghe An
"41","250",VNM,Vietnam,"42",Ninh Bình,Tỉnh,Province,,Ninh Binh
"42","250",VNM,Vietnam,"43",Ninh Thuận,Tỉnh,Province,,Ninh Thuan
"43","250",VNM,Vietnam,"44",Phú Thọ,Tỉnh,Province,,Phu Tho
"44","250",VNM,Vietnam,"45",Phú Yên,Tỉnh,Province,,Phu Yen
"45","250",VNM,Vietnam,"46",Quảng Bình,Tỉnh,Province,,Quang Binh
"46","250",VNM,Vietnam,"47",Quảng Nam,Tỉnh,Province,,Quang Nam
"47","250",VNM,Vietnam,"48",Quảng Ngãi,Tỉnh,Province,,Quang Ngai
"48","250",VNM,Vietnam,"49",Quảng Ninh,Tỉnh,Province,,Quang Ninh
"49","250",VNM,Vietnam,"50",Quảng Trị,Tỉnh,Province,,Quang Tri
"50","250",VNM,Vietnam,"51",Sóc Trăng,Tỉnh,Province,,Soc Trang
"51","250",VNM,Vietnam,"52",Sơn La,Tỉnh,Province,,Son La
"52","250",VNM,Vietnam,"53",Tây Ninh,Tỉnh,Province,,Tay Ninh
"53","250",VNM,Vietnam,"54",Thái Bình,Tỉnh,Province,,Thai Binh
"54","250",VNM,Vietnam,"55",Thái Nguyên,Tỉnh,Province,,Thai Nguyen
"55","250",VNM,Vietnam,"56",Thừa Thiên - Huế,Tỉnh,Province,,Thua Thien - Hue
"56","250",VNM,Vietnam,"57",Thanh Hóa,Tỉnh,Province,,Thanh Hoa
"57","250",VNM,Vietnam,"58",Tiền Giang,Tỉnh,Province,,Tien Giang
"58","250",VNM,Vietnam,"59",Trà Vinh,Tỉnh,Province,,Tra Vinh
"59","250",VNM,Vietnam,"60",Tuyên Quang,Tỉnh,Province,,Tuyen Quang
"60","250",VNM,Vietnam,"61",Vĩnh Long,Tỉnh,Province,,Vinh Long
"61","250",VNM,Vietnam,"62",Vĩnh Phúc,Tỉnh,Province,,Vinh Phuc
"62","250",VNM,Vietnam,"63",Yên Bái,Tỉnh,Province,,Yen Bai
